"","WTH_80_LNBAS_SUM","WTH_80_HNBAS_SUM","WTH_80_LNSED_SUM","WTH_80_HNSED_SUM","BO_80_LNBAS_SUM","BO_80_HNBAS_SUM","BO_80_LNSED_SUM","BO_80_HNSED_SUM","BO_40_LNBAS_SUM","BO_40_HNBAS_SUM","BO_40_LNSED_SUM","BO_40_HNSED_SUM","WTH_40_LNBAS_SUM","WTH_40_HNBAS_SUM","WTH_40_LNSED_SUM","WTH_40_HNSED_SUM"
"1",1562822.1821597,399678.0947266,2216490.0050048,851869.1015623,1700908.3884889,491997.2663576,2211227.3002319,949311.3774413,1471937.4998782,1456795.5190431,2052824.8741453,848412.9956056,1267815.0475467,442092.0941162,1914390.467651,771763.8709716
