"","WTH_80_LNBAS_SUM","WTH_80_HNBAS_SUM","WTH_80_LNSED_SUM","WTH_80_HNSED_SUM","BO_80_LNBAS_SUM","BO_80_HNBAS_SUM","BO_80_LNSED_SUM","BO_80_HNSED_SUM","BO_40_LNBAS_SUM","BO_40_HNBAS_SUM","BO_40_LNSED_SUM","BO_40_HNSED_SUM","WTH_40_LNBAS_SUM","WTH_40_HNBAS_SUM","WTH_40_LNSED_SUM","WTH_40_HNSED_SUM"
"1",1699193.3266601,399678.0947266,2567811.7910155,1390926.7338867,2441614.5078126,491997.2663576,2668949.1962889,1493994.3544923,1521254.6186445,1457536.7314458,1924978.3463135,854906.161377,1296926.6757813,442092.0941162,1903499.7351074,897496.1945802
