"","WTH_80_LNBAS_SUM","WTH_80_HNBAS_SUM","WTH_80_LNSED_SUM","WTH_80_HNSED_SUM","BO_80_LNBAS_SUM","BO_80_HNBAS_SUM","BO_80_LNSED_SUM","BO_80_HNSED_SUM","BO_40_LNBAS_SUM","BO_40_HNBAS_SUM","BO_40_LNSED_SUM","BO_40_HNSED_SUM","WTH_40_LNBAS_SUM","WTH_40_HNBAS_SUM","WTH_40_LNSED_SUM","WTH_40_HNSED_SUM"
"1",2238270.0625,476024.4577634,3695602.4638672,1087212.6396483,2463290.9902344,478059.5444334,3541660.8876953,1124447.4257813,1678846.2021483,483097.3033448,1994532.1809082,1103769.7573239,1576339.2529297,478586.0344237,2285980.6289064,966723.165527
