"","WTH_80_LNBAS_SUM","WTH_80_HNBAS_SUM","WTH_80_LNSED_SUM","WTH_80_HNSED_SUM","BO_80_LNBAS_SUM","BO_80_HNBAS_SUM","BO_80_LNSED_SUM","BO_80_HNSED_SUM","BO_40_LNBAS_SUM","BO_40_HNBAS_SUM","BO_40_LNSED_SUM","BO_40_HNSED_SUM","WTH_40_LNBAS_SUM","WTH_40_HNBAS_SUM","WTH_40_LNSED_SUM","WTH_40_HNSED_SUM"
"1",2233413.9033203,1126184.3764648,3706126.1923827,1087212.6396483,2484666.2021483,509829.0469972,3707554.7021485,1124447.4257813,1671614.0366209,501475.5079351,2292534.5771487,775680.0229492,1234330.5063478,501779.2982177,2274612.8515625,762615.1406252
