"","WTH_80_LNBAS_SUM","WTH_80_HNBAS_SUM","WTH_80_LNSED_SUM","WTH_80_HNSED_SUM","BO_80_LNBAS_SUM","BO_80_HNBAS_SUM","BO_80_LNSED_SUM","BO_80_HNSED_SUM","BO_40_LNBAS_SUM","BO_40_HNBAS_SUM","BO_40_LNSED_SUM","BO_40_HNSED_SUM","WTH_40_LNBAS_SUM","WTH_40_HNBAS_SUM","WTH_40_LNSED_SUM","WTH_40_HNSED_SUM"
"1",1681071.7905273,387179.1619873,2849498.2539064,1355378.0415038,2431016.3564453,471432.6777345,2961436.2480469,1455523.5244142,2154889.9423829,600288.0974124,2219345.4658201,921976.6618655,1279764.2319338,423248.0338131,1971451.1523436,842105.364746
