;WTH_80_LNBAS_SUM;WTH_80_HNBAS_SUM;WTH_80_LNSED_SUM;WTH_80_HNSED_SUM;BO_80_LNBAS_SUM;BO_80_HNBAS_SUM;BO_80_LNSED_SUM;BO_80_HNSED_SUM;BO_40_LNBAS_SUM;BO_40_HNBAS_SUM;BO_40_LNSED_SUM;BO_40_HNSED_SUM;WTH_40_LNBAS_SUM;WTH_40_HNBAS_SUM;WTH_40_LNSED_SUM;WTH_40_HNSED_SUM
1;2233413.903;1126184.376;3706126.192;1087212.64;2484666.202;509829.047;3707554.702;1124447.426;1671614.037;501475.5079;2328265.144;775680.0229;1579959.075;496875.7283;2282613.95;762615.1406
;;;;;;;;;;;;;;;;
;0.898878852;0.999614703;;;;;;;;;;;;;;
