"","Ca","Mg","K","N","P","S","C"
"1",242.504928014,172.424888465,499.9137743779,21030.2024691,3716.970025182,2301.01706903,386567.03662926
