"","Ca","Mg","K","N","P","C"
"1",242.494734914,172.414349865,499.9134922779,19986.8401159,3616.914836878,367601.46004568
