"","Ca","Mg","K","N","P","S","C"
"1",164.579277336,189.16483036,112.2204350796,16958.1427805,3620.815860476,2243.36668176,350971.52984546
