"","Ca","Mg","K","N","P","S","C"
"1",164.575474836,189.16103796,112.2205725796,14063.6188882,1969.043101844,1545.54933168667,294355.44718056
