"","Ca","Mg","K","N","P","C"
"1",164.579277336,189.16483036,112.2204350796,16958.1427805,3620.815860476,350971.52984546
