"","Ca","Mg","K","N","P","S","C"
"1",164.079704636,79.73574506,112.1616134796,14063.6081803,3676.048147444,2300.88502002,294355.44718056
