"","Ca_Tot","Mg_Tot","K_Tot","N_Tot","P_Tot","S_Tot","Ca_Har","Mg_Har","K_Har","N_Har","P_Har","S_Har","Ca_Leach","Mg_Leach","K_Leach","N_Leach","P_Leach","S_Leach","P_OCC","S_OCC","Site","Treatment"
"1",2123.27192155697,1602.0746353762,1494.06762284212,2732.63220931181,1244.23485083765,1617.38738262645,1300.24087835697,216.2993583762,992.60999104212,1938.07782701181,199.10937393765,855.97990122645,823.0310432,1385.775277,501.4576318,794.5543823,13.9729143,1152.8947957,1031.1525626,-391.4873143,"LNS","80BO"
"2",4332.90485769219,3917.38086731247,1056.94066147798,2888.20718230049,1295.97903355996,1623.35073028975,1191.73634799219,197.48550101247,846.60660057798,1881.85900820049,183.42252165996,774.78086418975,3141.1685097,3719.8953663,210.3340609,1006.3481741,251.0070887,1343.7435749,861.5494232,-495.1737088,"LNB","80BO"
"3",934.53248755621,1396.57863530055,583.77817706555,5111.94846385689,1777.99485771257,1455.54164690677,590.48128485621,116.54526950055,522.30045576555,1287.36220675689,107.46748291257,468.33310420677,344.0512027,1280.0333658,61.4777213,3824.5862571,9.7280659,1834.8208639,1660.7993089,-847.6123212,"HNS","80BO"
"4",1208.20890673604,1347.18331464616,249.77609341954,3257.50104548554,1130.49702960117,1328.58548434128,216.82902383604,36.59713574616,144.69182901954,397.43087278554,33.68412450117,141.43369984128,991.3798829,1310.5861789,105.0842644,2860.0701727,8.0917823,1585.3795024,1088.7211228,-398.2277179,"HNB","80BO"
