"","Ca_Tot","Mg_Tot","K_Tot","N_Tot","P_Tot","S_Tot","Ca_Har","Mg_Har","K_Har","N_Har","P_Har","S_Har","Ca_Leach","Mg_Leach","K_Leach","N_Leach","P_Leach","S_Leach","P_OCC","S_OCC","Site","Treatment"
"1",3167.99726491328,2548.7766571451,1230.53308173844,1784.02440531575,575.44435859429,5605.84137428598,1080.77398691328,178.1251604451,814.28845583844,1753.70261311575,161.68446129429,683.54076938598,2087.223278,2370.6514967,416.2446259,151.9911725,9.3922389,3753.7674926,404.6267755,1168.5331123,"LNS","80BO"
"2",3268.45148818383,3296.97170392943,976.17250862177,1515.04223642851,777.39780248875,5549.57556162197,834.14727328383,137.51154722943,615.20907702177,1400.43788482851,126.26841508875,528.22000252197,2434.3042149,3159.4601567,360.9634316,226.431487,6.9043881,2078.7533262,644.667881,2942.6022329,"LNB","80BO"
"3",894.26421740239,1439.61361064475,829.69552682422,3243.55514686906,261.13404149425,5342.11422901035,370.16191660239,69.53654864475,320.62185082422,782.91613866906,63.44972179425,296.01742051035,524.1023008,1370.077062,509.073676,2480.1023857,11.8178912,4149.844637,193.4747961,896.2521715,"HNS","80BO"
"4",780.79328203604,1673.70842444616,185.44522781954,2709.02065438554,1123.33176280117,3224.96850544128,216.82902383604,36.59713574616,144.69182901954,397.43087278554,33.68412450117,141.43369984128,563.9642582,1637.1112887,40.7533988,2348.6460303,10.9826706,3481.7625235,1088.7211228,-398.2277179,"HNB","80BO"
