"","Ca_Tot","Mg_Tot","K_Tot","N_Tot","P_Tot","S_Tot","Ca_Har","Mg_Har","K_Har","N_Har","P_Har","S_Har","Ca_Leach","Mg_Leach","K_Leach","N_Leach","P_Leach","S_Leach","P_OCC","S_OCC","Site","Treatment"
"1",3231.53171057642,2588.86636716937,1208.01836167491,1646.08474272162,586.11739521372,5660.17336382203,1039.22661957642,170.34015176937,776.77728817491,1641.00887442162,151.35492381372,638.84953192203,2192.305091,2418.5262154,431.2410735,133.5606067,7.6538794,3843.6919167,427.3870228,1177.6319152,"LNS","40BO"
"2",3416.4805260948,3186.992796009,979.77395034157,1225.05147967951,803.00795854161,5595.96229705421,726.1649133948,119.158785009,537.27986084157,1130.39357007951,109.62261064161,449.00630525421,2690.3156127,3067.834011,442.4940895,187.7240289,6.5278788,2160.0688277,687.5366553,2986.8871641,"LNB","40BO"
"3",966.51325961365,1443.41545034849,832.94327343476,3663.39432095832,246.00702735722,5353.11710152541,303.13640821365,59.24444154849,272.06003773476,659.19816365832,54.26234755722,244.86832592541,663.3768514,1384.1710088,560.8832357,3023.608576,10.7643469,4207.9113267,188.3106727,900.3374489,"HNS","40BO"
"4",1263.40866335667,1756.81028412136,514.89713303278,3870.4704511903,1137.50829645892,5362.48038759835,589.75345205667,112.09914962136,483.20705953278,1215.4466391903,104.13313505892,428.51218079835,673.6552113,1644.7111345,31.6900735,2681.6466752,14.8288974,3527.5005982,1031.4818115,1406.4676086,"HNB","40BO"
