"","Ca_Tot","Mg_Tot","K_Tot","N_Tot","P_Tot","S_Tot","Ca_Har","Mg_Har","K_Har","N_Har","P_Har","S_Har","Ca_Leach","Mg_Leach","K_Leach","N_Leach","P_Leach","S_Leach","P_OCC","S_OCC","Site","Treatment"
"1",1952.288622061,1610.533307878,1515.8146074,2434.648794137,1243.965816362,1585.078293104,1006.289222361,165.432854878,754.8394226,1461.411591437,154.106951162,615.430496404,945.9993997,1445.100453,760.9751848,973.2372027,31.6184052,1357.9719506,1058.24046,-388.3241539,"LNS","40BO"
"2",4317.646796858,3918.902233969,1060.293096745,2679.457807417,1287.507745981,1649.756029517,1065.063714958,174.498819769,774.199952745,1569.441022417,163.464426281,646.157581517,3252.5830819,3744.4034142,286.093144,1110.016785,276.6435736,1479.5632698,847.3997461,-475.9648218,"LNB","40BO"
"3",974.504321585,1417.471009802,605.014127669,9521.663672654,1712.836857738,1496.31389606,338.083047485,64.276201102,292.244640369,720.915126854,59.158382438,261.28654426,636.4212741,1353.1948087,312.7694873,8800.7485458,31.8222629,1999.3278955,1621.8562124,-764.3005437,"HNS","40BO"
"4",1237.495207039,1388.830746459,390.949083416,5439.20823647,1072.640502681,1317.182849001,258.718168839,43.726127359,171.287049216,478.39612477,40.494362381,166.723374101,978.7770382,1345.1046191,219.6620342,4960.8121117,8.2114631,1558.2430506,1023.9346772,-407.7835757,"HNB","40BO"
