"","Ca_Tot","Mg_Tot","K_Tot","N_Tot","P_Tot","S_Tot","Ca_Har","Mg_Har","K_Har","N_Har","P_Har","S_Har","Ca_Leach","Mg_Leach","K_Leach","N_Leach","P_Leach","S_Leach","P_OCC","S_OCC","Site","Treatment"
"1",3133.68819694952,2552.46096513504,1185.0981983882,1491.58502863251,562.24247879451,5616.77991807214,954.10249094952,156.35962593504,712.9665171882,1486.95033133251,139.74310889451,585.97441787214,2179.585706,2396.1013392,472.1316812,4.6346973,7.4605242,3853.5492203,415.0388457,1177.2562799,"LNS","40BO"
"2",3410.07641243556,3273.97143599915,983.25864956178,1393.58000056359,2493.22038640447,5564.88324012977,750.47896523556,123.15423639915,548.16327326178,1213.71137686359,112.55017440447,464.40731632977,2659.5974472,3150.8171996,435.0953763,179.8686237,5.7818567,2119.7332871,2374.8883553,2980.7426367,"LNB","40BO"
"3",969.80321871751,1443.93798762023,835.34284319339,3669.16748892933,246.49102021547,5355.20584553705,306.42636731751,59.76697882023,274.45960749339,664.97133162933,54.74634041547,246.95706993705,663.3768514,1384.1710088,560.8832357,3004.1961573,3.4340071,4207.9113267,188.3106727,900.3374489,"HNS","40BO"
"4",1263.5700814924,1758.15424930746,514.79030326496,3951.44452793429,1105.83424892195,5330.69970369354,590.0516292924,112.12783030746,482.97062276496,1215.56764263429,104.16581832195,428.42695029354,673.5184522,1646.026419,31.8196805,2735.8768853,0.8036083,3502.0823208,1000.8648223,1400.1904326,"HNB","40BO"
