"","Ca_Tot","Mg_Tot","K_Tot","N_Tot","P_Tot","S_Tot","Ca_Har","Mg_Har","K_Har","N_Har","P_Har","S_Har","Ca_Leach","Mg_Leach","K_Leach","N_Leach","P_Leach","S_Leach","P_OCC","S_OCC","Site","Treatment"
"1",3221.07243355012,2588.86319445365,1207.15778254962,1615.04899244747,562.09438382653,5660.79806809802,1019.01052815012,167.01954205365,761.62042324962,1609.80619194747,148.53950302653,626.28466229802,2202.0619054,2421.8436524,445.5373593,135.1230369,7.5119184,3856.8430653,406.2002791,1177.6703405,"LNS","40BO"
"2",3416.4805260948,3186.992796009,979.77395034157,1225.05147967951,803.00795854161,5595.96229705421,726.1649133948,119.158785009,537.27986084157,1130.39357007951,109.62261064161,449.00630525421,2690.3156127,3067.834011,442.4940895,187.7240289,6.5278788,2160.0688277,687.5366553,2986.8871641,"LNB","40BO"
"3",970.79914631365,1444.27649374849,836.55672243476,4308.15932845832,250.15178345722,5383.12983242541,303.13640821365,59.24444154849,272.06003773476,659.19816365832,54.26234755722,244.86832592541,667.6627381,1385.0320522,564.4966847,3668.3863735,11.5582187,4237.7223372,192.2247123,900.5391693,"HNS","40BO"
"4",1263.67220004257,1643.40179242505,514.90912375755,3870.45370916258,1137.47977674043,5362.48715713449,589.51148854257,112.04577152505,482.90033755755,1214.85824256258,104.08351304043,428.29959313449,674.1607115,1531.3560209,32.0087862,2682.2203233,14.831494,3527.7108917,1031.5023498,1406.4766723,"HNB","40BO"
