"","Ca_Tot","Mg_Tot","K_Tot","N_Tot","P_Tot","S_Tot","Ca_Har","Mg_Har","K_Har","N_Har","P_Har","S_Har","Ca_Leach","Mg_Leach","K_Leach","N_Leach","P_Leach","S_Leach","P_OCC","S_OCC","Site","Treatment"
"1",1932.99224201332,1598.37121784854,1503.07834350219,2505.79589926608,1236.423097364,1573.88008825341,1003.47321241332,164.99917144854,753.19442340219,1459.43449996608,153.351845064,621.36215515341,929.5190296,1433.3720464,749.8839201,1046.3613993,31.1467018,1344.3600218,1051.9245505,-391.8420887,"LNS","40BO"
"2",4257.45200260919,3893.66544748705,1047.4201485348,2750.02424807816,1280.0373710093,1637.85465329601,1056.44768840919,173.10960888705,766.3222101348,1564.04781777816,161.8441665093,648.38947169601,3201.0043142,3720.5558386,281.0979384,1185.9764303,276.5199637,1468.9151432,841.6732408,-479.4499616,"LNB","40BO"
"3",925.48142249104,1413.18227937315,554.34535235301,5709.59677520128,1694.22186881177,1490.12641929871,355.49528899104,66.51361647315,301.06666715301,741.14477620128,60.89073321177,274.93954589871,569.9861335,1346.6686629,253.2786852,4968.451999,13.7402925,1985.030106,1619.5908431,-769.8432326,"HNS","40BO"
"4",1151.79666106304,1362.20673535675,367.28372823795,3961.14534125141,1105.43212230714,1326.56179303069,277.39574606304,46.54301535675,183.10138773795,505.43731335141,42.96135480714,179.30739423069,874.400915,1315.66372,184.1823405,3455.7080279,8.0657154,1557.3439582,1054.4050521,-410.0895594,"HNB","40BO"
