"","Ca","Mg","K","N","P","C"
"1",1772.13815167,1737.358902375,467.8777291745,6721.8957338,1577.209791322,121832.85157041
