"","Ca","Mg","K","N","P","S","C"
"1",1772.133767426,1737.355792285,467.8766106711,5925.8279161,1602.187187828,2297.522978265,108646.88837304
