"","PerChange_LNSED_Min","PerChange_HNSED_Min","PerChange_LNBAS_Min","PerChange_HNBAS_Min","PerChange_LNSED_Max","PerChange_HNSED_Max","PerChange_LNBAS_Max","PerChange_HNBAS_Max"
"1",-0.00324492539459949,0.646219441862654,-0.136913983318311,0.56181330300865,0.00188925750097509,-0.0863550208845073,-0.621891097910341,-0.0732959524896831
