"","PerChange_LNSED_Min","PerChange_HNSED_Min","PerChange_LNBAS_Min","PerChange_HNBAS_Min","PerChange_LNSED_Max","PerChange_HNSED_Max","PerChange_LNBAS_Max","PerChange_HNBAS_Max"
"1",-0.534686227385566,0.00687686757535219,-0.547504020576073,0.0447076353191658,0.128769739216097,0.00687686757535219,0.198625837947742,0.044680888346457
