"","X","LNS_Ca_Min","LNS_Ca_Max","LNB_Ca_Min","LNB_Ca_Max","HNS_Ca_Min","HNS_Ca_Max","HNB_Ca_Min","HNB_Ca_Min.1","LNS_K_Min","LNS_K_Max","LNB_K_Min","LNB_K_Max","HNS_K_Min","HNS_K_Max","HNB_K_Min","HNB_K_Max","ID"
"1",1,0.00450157265757572,0.00713976605801751,0.0519584856272135,0.0727065882199034,0.132414734696935,0.0197458460230323,0.0845133324614417,0.0845133324614417,0.0110877964498787,0.0172126874446652,0.00509986557575526,0.000273568202453517,0.214242571820839,0.00934118848062164,0.0157966504191216,0.00399656187092372,"Atm"
"2",1,0.00019431155846635,0.000151096867503381,0.0652569054249326,0.0519919366923608,0.00312919078732507,0.00182699104472992,0.0522513152454483,0.0522513152454483,0.00721456134016415,0.00482201129402609,0.00218563407777067,0.0091450685381076,0.00192889176875966,0.0027550619213677,0.0902229389489807,0.713468813395416,"Exch"
"3",1,0.00563773962229174,0.00506929146146997,0.00149382401192164,0.000994885690346318,0.00309574211476312,0.00300757732905186,0.0058384163188884,0.0058384163188884,0.00860542732518126,0.00717004523776344,0.0269310949312774,0.026347478902553,0.0111569057796131,0.01058242865825,0.00944540196119946,0.00403717702518594,"Growth"
"4",1,0.782995266364649,0.783044100098786,0.828150690483951,0.778188652820875,0.892581621582516,0.276163670121248,0.83360870910758,0.83360870910758,0.00729901556551787,0.00331528629472528,0.0877609490554828,0.0525263707426312,0.21827623405064,0.227611031198093,0.137951110638529,0.146581795112373,"Mineral"
"5",1,0.0104232266407425,0.00724622798075651,0.0590179328739963,0.0185626736580376,0.000557417203814724,6.94636319598416e-05,0,0,0.0410721248261593,0.0262655728987115,0.0180779748059077,0.0314566097890121,0.017705139333971,0.000484662403612591,0,0,"Nit"
"6",1,5.11937376941867e-06,6.56360907633918e-07,4.09970675143707e-07,8.59277178981066e-10,0,0,7.67406553589004e-10,7.67406553589004e-10,1.11463040358165e-05,1.51137979222203e-06,5.6940482486485e-07,0,0,0,0,0,"SOMP"
