"","X","LNS_Ca_Min","LNS_Ca_Max","LNB_Ca_Min","LNB_Ca_Max","HNS_Ca_Min","HNS_Ca_Max","HNB_Ca_Min","HNB_Ca_Min.1","LNS_K_Min","LNS_K_Max","LNB_K_Min","LNB_K_Max","HNS_K_Min","HNS_K_Max","HNB_K_Min","HNB_K_Max","ID"
"1",1,0.00481524123017435,0.00727170303475051,0.0427255195454868,0.0584465014536655,0.0180799118421523,0.024849710637513,0.117340122861337,0.117340122861337,0.00989889024412706,0.0143798097507492,0.0174771546986426,0.0213747866450846,0.0111005980876528,0.00998826245428668,0.00602573619664524,0.0055293308817932,"Atm"
"2",1,0.00114649652339448,0.00178857458758218,0.0249918183734274,0.0450281512396103,0.00269110973722877,0.00502344266471485,0.00759226108944102,0.00759226108944102,0.00303976646898881,0.0103041546801417,0.0100177743263892,0.0161047360550638,0.0048818764982813,0.0160593335171528,0.0276283236428602,0.101239676115075,"Exch"
"3",1,0.00306111476573174,0.00270269865328076,0.00624087418580981,0.00646600979297996,0.00201686170312748,0.00177888200161136,0.000878595494072833,0.000878595494072833,0.0118646858772736,0.0105534229140745,0.00332959953264934,0.0027108067309765,0.00113548066794671,0.000795305312123693,0.00501813303393064,0.00367039193993113,"Growth"
"4",1,0.790259666278865,0.789163906190152,0.539550649566357,0.767313751260102,0.801829464442026,0.798335958587971,0.824817447730287,0.824817447730287,0.00289671715786796,0.00461863463326409,0.0622226729691319,0.0539585129773427,0.00698625351557294,0.00622326881345072,0.147277721090632,0.143405919037082,"Mineral"
"5",1,0.00862778712023877,0.00615863881118305,0.0318754270986044,0.0252358309586628,0.000413864818287891,4.29430859285491e-05,0.106272066020841,0.106272066020841,0.0299503432966607,0.0206760984088886,0.0305605669207433,0.039320490283391,0.020509683449093,0.000396132134476501,0.101965657719745,0.0108700231214958,"Nit"
"6",1,2.08914605653665e-07,3.99301616613342e-07,0.00236819680890323,0.00236819582450363,2.32052049450408e-05,2.32052049450408e-05,0,0,3.59224420135646e-06,1.94050009553245e-06,0.000678964533931347,0.000678964533931347,2.54277973378069e-05,2.54277973378069e-05,0,0,"SOMP"
