"","X","LNS_Ca_Min","LNS_Ca_Max","LNB_Ca_Min","LNB_Ca_Max","HNS_Ca_Min","HNS_Ca_Max","HNB_Ca_Min","HNB_Ca_Min.1","LNS_K_Min","LNS_K_Max","LNB_K_Min","LNB_K_Max","HNS_K_Min","HNS_K_Max","HNB_K_Min","HNB_K_Max","ID"
"1",1,0.00436952988965926,0.00169798064849127,0.104533095404504,0.0890859823877009,0.0220709424251704,0.0151243721871142,0.14639179445557,0.14639179445557,0.0318324670269137,0.0362417981247431,0.0314673965027104,0.0351009683166677,0.0298726861535309,0.009549851398217,0.0163183914139075,0.0216159142801565,"Atm"
"2",1,0.035890480591174,0.0355123757231657,0.0328876275308394,0.0274982732862849,0.00468025551792203,0.0024281300599028,0.000363357454106242,0.000363357454106242,0.0554837634823238,0.0199669304131507,0.0181825899675681,0.0161309185552789,0.00218130380540794,0.000533534037598331,0.00804128677775941,0.00464467940930989,"Exch"
"3",1,0.00228670336895389,0.00179043139111545,0.00361418434423076,0.00445348571588032,0.00454301992649961,0.00344484964524463,0.0019930825610636,0.0019930825610636,0.00132444526983083,0.000345326618333873,0.00880523706072776,0.00662601143001404,0.0188963571373296,0.0143239275342934,0.0193776907526837,0.0182828815541885,"Growth"
"4",1,0.81716503819166,0.742982204272641,0.805310821737149,0.762998522309338,0.826855143231569,0.826619712171147,0.846653487314092,0.846653487314092,7.57705897291872,7.55653710310179,0.0425234375991243,0.0596806186272735,0.00364175126463521,0.00443075757071993,0.0557928159399187,0.0571206078105707,"Mineral"
"5",1,0.0348051385056213,0.0360567158849433,0.00258529824429356,0.00221152167564488,0.00109844941428025,8.45901403404414e-05,0.0155619909821734,0.0155619909821734,0.0335476932980327,0.0373025259784239,0.00461738933943937,0.00411061856165375,0.0117241526486321,0.000184601382203941,0.0151027770553059,0.0003174933788423,"Nit"
"6",1,0.0359921973953874,0.0360668377282937,0.00098735201923636,0.000388477313113125,0,0,0.00050311896930903,0.00050311896930903,0.0358539526356541,0.0366311657312681,0.000655786822478399,0.000235226555485828,0,0,0.000217154012816076,0.000217314537714194,"SOMP"
