"","X","LNS_Min","LNS_Max","LNB_Min","LNB_Max","HNB_Min","HNB_Max","HNS_Max","HNS_Min","ID"
"1",1,0.00184756519222319,0.00217287565986717,0.0532650125537855,0.0185034862022702,0.552979945040019,0.559066986153397,0.962506022884181,0.670464423202719,"Atm"
"2",1,9.30402602800457e-05,0.00318180632135947,0.187712545893737,0.0193189235601058,0.45138863540611,0.152742377515658,0.170700206946529,0.309935661039354,"Exch"
"3",1,0.170857770061185,0.151950588757393,0.101545104996352,0.105957700518063,0.0138934783683946,0.00157748108911635,0.0174319128794613,0.0292811921484858,"Growth"
"4",1,0.0379677853150776,0.0331137645389758,0.0421663754694308,0.0152629026841552,0.244454023719896,0.0917719307559489,0.114505001975666,0.104845933295618,"Mineral"
"5",1,0.00193798199539876,0.00191127801110359,1.92766527133988e-06,9.14181247546253e-06,0.0126395449337288,0.000359290032649001,0.00104425840597533,0.0190717162257163,"Nit"
"6",1,0.0106937245477113,0.00257539478432194,0.0109500804115215,0.00397251675895484,0.000894152706383315,0.000893617766929141,0.000137537351507044,0.000137537351507044,"SOMP"
