"","X","LNS_Min","LNS_Max","LNB_Min","LNB_Max","HNB_Min","HNB_Max","HNS_Max","HNS_Min","ID"
"1",1,0.00364569440819692,0.0037660411873809,0.281083846610814,0.42562374450603,0.33503673213639,0.00438964556197624,0.46932278486909,0.290500843767535,"Atm"
"2",1,0.0862449863743494,0.0882183113593567,0.292356377433311,0.547566890917736,0.48351641461671,0.461878971975464,0.286312780303116,0.315015705130546,"Exch"
"3",1,0.120949655727611,0.106706574472045,0.0765112759085959,0.0786214151324211,0.166577225861095,0.166474872212653,0.111007271260968,0.119330262163456,"Growth"
"4",1,0.0526023414684268,0.0314191092534305,0.00118637188023184,0.0237358563665644,0.0110748278973219,0.0128140516897248,0.225564112533389,0.224374723022504,"Mineral"
"5",1,0.000231547370829814,0.00128862353975623,0.186470028881751,0.164940498522829,0.134933484322228,0.378332176672696,0.0131890440553464,0.181299121152676,"Nit"
"6",1,2.50490975787823e-05,1.10676688896655e-06,0.0133272919835319,0.0133272919835319,9.02081797013782e-05,9.02081797013782e-05,1.74944499994447e-06,1.74944499994447e-06,"SOMP"
