"","X","LNS_Min","LNS_Max","LNB_Min","LNB_Max","HNB_Min","HNB_Max","HNS_Max","HNS_Min","ID"
"1",1,0.0028318820018377,0.00443917805967337,0,0.227850937253757,0.357243745297047,0.505019480306371,0.512018949795019,0.288333237975566,"Atm"
"2",1,0.00660473178788295,0.000947004307315877,0.284377204554576,0.238495825308619,0.513368252405646,0.413318459997877,0.422053657936548,0.259441505159009,"Exch"
"3",1,2,1.58923330539388,1.13409219473888,1.51882872037623,0.390627666635331,0.880528302833423,1.34335006268886,0.539663634705087,"Growth"
"4",1,0.0443490874578531,0.0486374914983961,0.0312400255450956,0.0142540754238107,0,0.0149737471207475,0.257755880142758,0.228464205596691,"Mineral"
"5",1,0.000772490581374716,0.000193526153297809,0.00678710233374533,0.00527073353406443,0.0567362929907253,0.00992217852058453,0.00231380298972408,0.103205567317296,"Nit"
"6",1,5.20605416117309e-05,1.98714654892396e-05,3.99037148174321e-07,2.32683637345521e-09,0.00373706538641445,0.00373706538641445,0,0,"SOMP"
