Layer;Ca;Ca SD;Mg;Mg SD;K;K SD; Na;Na SD; NO3;NO3 SD; NH4;NH4 SD; SO4;SO4 SD;Cl;Cl SD; P;P SD;DOC;DOC SD;Al;Al SD;Si;Si SD;pH
1;29.08174841;12.90405534;30.0688029;20.1351131;31.91382992;16.61531217;131.1216601;70.88404815;2.34071461;2.138925119;1.139128487;0.249375717;17.67648906;2.203773505;166.8695014;109.2628856;0.070010701;0.038331419;122.7192908;27.88931551;0.983382916;0.422900368;82.28398071;16.14983091;5.572513898
2;29.08174841;12.90405534;30.0688029;20.1351131;31.91382992;16.61531217;131.1216601;70.88404815;2.34071461;2.138925119;1.139128487;0.249375717;17.67648906;2.203773505;166.8695014;109.2628856;0.070010701;0.038331419;122.7192908;27.88931551;0.983382916;0.422900368;82.28398071;16.14983091;5.319347603
3;29.08174841;12.90405534;30.0688029;20.1351131;31.91382992;16.61531217;131.1216601;70.88404815;2.34071461;2.138925119;1.139128487;0.249375717;17.67648906;2.203773505;166.8695014;109.2628856;0.070010701;0.038331419;122.7192908;27.88931551;0.983382916;0.422900368;82.28398071;16.14983091;5.429565115
4;14.29260831;3.313779308;23.61792809;11.61062037;12.19037311;19.94637216;132.9821017;57.77731996;1.917110193;0.734457731;1.207840281;0.266799641;11.60411172;0.734493953;152.4733596;87.0501591;0.050223504;0.032467264;63.0057911;29.94657238;0.370577823;0.170743786;83.82529945;14.58984072;5.486
5;14.29260831;3.313779308;23.61792809;11.61062037;12.19037311;19.94637216;132.9821017;57.77731996;1.917110193;0.734457731;1.207840281;0.266799641;11.60411172;0.734493953;152.4733596;87.0501591;0.050223504;0.032467264;63.0057911;29.94657238;0.370577823;0.170743786;83.82529945;14.58984072;5.579
6;14.29260831;3.313779308;23.61792809;11.61062037;12.19037311;19.94637216;132.9821017;57.77731996;1.917110193;0.734457731;1.207840281;0.266799641;11.60411172;0.734493953;152.4733596;87.0501591;0.050223504;0.032467264;63.0057911;29.94657238;0.370577823;0.170743786;83.82529945;14.58984072;5.672
7;14.29260831;3.313779308;23.61792809;11.61062037;12.19037311;19.94637216;132.9821017;57.77731996;1.917110193;0.734457731;1.207840281;0.266799641;11.60411172;0.734493953;152.4733596;87.0501591;0.050223504;0.032467264;63.0057911;29.94657238;0.370577823;0.170743786;83.82529945;14.58984072;5.765
8;14.29260831;3.313779308;23.61792809;11.61062037;12.19037311;19.94637216;132.9821017;57.77731996;1.917110193;0.734457731;1.207840281;0.266799641;11.60411172;0.734493953;152.4733596;87.0501591;0.050223504;0.032467264;63.0057911;29.94657238;0.370577823;0.170743786;83.82529945;14.58984072;5.827
