Layer;Ca;Ca.SD;Mg;Mg.SD;K;K.SD; Na;Na.SD; NO3;NO3.SD; NH4;NH4.SD; SO4;SO4.SD;Cl;Cl.SD; P;P.SD;DOC;DOC.SD;Al;Al.SD;Si;Si.SD;pH
20;16.22734537;2.939485668;19.81876379;2.984548672;10.14353555;1.002855074;103.0747435;9.661818905;0.256712875;0.106218871;1.16350671;0.273037368;9.011213064;1.663500764;123.8386156;25.75745668;0.077004912;0.042078783;128.8838111;28.98693299;0.940819168;0.164124697;41.53769688;16.31308075;5.319347603
100;11.07599327;0.812208769;17.07218887;1.281750419;4.961120729;1.460588184;83.02554239;6.149268551;0.371597145;0.135607522;1.112860033;0.321513386;14.6983242;1.361562544;80.05728844;12.91722737;0.034025319;0.001736007;44.54152257;23.14075849;0.378301584;0.130897568;34.64933649;12.94315586;5.827
