Shallow and Deep fluxes;Depth;NH4;NH4.SD;NO3;NO3.SD;TN;TN.SD;DOC;DOC.SD;TP;TP.SD;Cl;Cl.SD;SO4;SO4.SD;Ca;Ca.SD;Mg;Mg.SD;K;K.SD;Na;Na.SD;Al;Al.SD
;20;0.210049416;0.018413539;0.29063369;0.903104016;2.584976176;1.323438247;22.79330337;3.780780556;0.045545328;0.013708415;48.12893782;44.34049409;3.239059723;6.167872501;20.40967405;9.071287806;8.894951811;5.785746495;9.522967189;6.371362223;27.29467076;18.51377501;0.340716918;0.126564555
;100;0.18482098;0.037686163;0.058428056;0.56180591;0.782891773;1.207801926;7.454929603;2.86204934;0.02941534;0.012838737;38.85767377;30.20293147;4.342785568;2.358188679;7.924881994;1.716262595;6.693254137;3.118581853;2.39035473;6.086366362;27.76582547;13.72230984;0.162624321;0.037249254
