Layer;Ca;Ca SD;Mg;Mg SD;K;K SD; Na;Na SD; NO3;NO3 SD; NH4;NH4 SD; SO4;SO4 SD;Cl;Cl SD; P;P SD;DOC;DOC SD;Al;Al SD;Si;Si SD;pH
1;23.85762441;4.966897958;45.10420343;12.09159199;2.347336448;0.764640818;236.7229252;30.34539504;45.7105584;14.75038591;1.081879667;0.324711162;19.9207877;4.045361641;270.9639552;77.09450749;0.037250369;0.933402772;105.7421694;12.70161753;2.76063177;0.856301808;19.91842359;4.629995958;4.470605922
2;17.43603854;0.784670284;34.51968266;2.28287378;2.41879331;1.155462032;225.630654;24.38462155;28.8753121;11.76786811;1.021745358;0.198671672;21.77140228;1.711495147;217.6640243;22.40224443;0.058431744;1.983183103;38.24310349;13.1609735;0.629741549;0.090585178;24.69111879;7.597785537;6.3302
