Depth;NH4;NH4.SD;NO3;NO3.SD;TN;TN.SD;DOC;DOC.SD;TP;TP.SD;Cl;Cl.SD;SO4;SO4.SD;Ca;Ca.SD;Mg;Mg.SD;K;K.SD;Na;Na.SD;Al;Al.SD
20;0.229397708;0.02625799;12.3058623;6.722478182;16.05235558;7.309006743;21.12339104;5.096905937;0.015397959;0.00398027;105.9925643;37.70978195;5.649289233;2.126040927;13.47783912;5.408656987;12.87762315;4.273119617;8.10235285;6.812182054;59.9514975;20.36448053;2.535789785;1.626778699
100;0.164329625;0.028797038;11.28300357;10.07491599;11.92369571;9.410848825;7.97038542;1.88597111;0.024684756;0.013652249;85.0476427;25.47478644;5.443988177;1.77087954;8.210009332;2.311254494;8.61409103;2.938574097;5.394473482;2.436873081;57.79132616;17.48643336;1.579743437;1.596641002
