"","Ca","Mg","K","N","P","S","C"
"1",6149.09095816,2675.5302369,1387.784505866,9485.3718172567,1768.842807114,2297.63362051,175984.01226918
