"","Ca","Mg","K","N","P","S","C"
"1",6149.11824086,2675.5526368,1387.790578966,9017.9135532999,1729.637857876,2240.11626845,167491.40745123
