"","Ca","Mg","K","N","P","C"
"1",6149.11732536,2675.5520875,1387.790258466,9013.6646505,1729.637461176,167491.40745123
