"","Ca_Tot","Mg_Tot","K_Tot","N_Tot","P_Tot","S_Tot","Ca_Har","Mg_Har","K_Har","N_Har","P_Har","S_Har","Ca_Leach","Mg_Leach","K_Leach","N_Leach","P_Leach","S_Leach","P_OCC","S_OCC","Site","Treatment"
"1",2778.12451246183,1570.8177044536,1794.45029991067,3619.73243849513,1252.97722996868,1618.16218701614,2075.10162306183,333.536614953597,1509.01566081067,3012.82133739513,329.487038468676,907.013778616143,703.0228894,1237.2810895,285.4346391,606.9111011,14.1195824,1126.898767,909.3706091,-415.7503586,"LNS","80WTH"
"2",4558.74890168485,3856.02857417871,1225.48054784846,3649.81219600934,1295.30139705416,1615.81992346631,1528.26439198485,252.303426578709,1022.30725164846,2441.75152380934,250.834576354164,611.635548466305,3030.4845097,3603.7251476,203.1732962,1208.0606722,279.8908701,1455.9717055,764.5759506,-451.7873305,"LNB","80WTH"
"3",1209.10191797024,1429.51343359757,990.70461392694,5692.20421199881,1775.05667373488,1464.96663167491,1014.71839387024,219.537661397571,946.54739312694,2620.04644339881,225.642234234879,514.949330074905,194.3835241,1209.9757722,44.1572208,3072.1577686,9.8706544,1823.1798596,1539.5437851,-873.162558,"HNS","80WTH"
"4",1386.50714949166,1356.89160969758,393.965030516388,3580.24141020434,1082.13373010348,1336.43671388254,458.029332291663,92.187147097584,349.751116916388,1133.84746450434,97.843730303484,160.353921782538,928.4778172,1264.7044626,44.2139136,2446.3939457,8.2773348,1579.554157,976.012665,-403.4713649,"HNB","80WTH"
