"","Ca_Tot","Mg_Tot","K_Tot","N_Tot","P_Tot","S_Tot","Ca_Har","Mg_Har","K_Har","N_Har","P_Har","S_Har","Ca_Leach","Mg_Leach","K_Leach","N_Leach","P_Leach","S_Leach","P_OCC","S_OCC","Site","Treatment"
"1",2773.057517489,1568.605921209,1792.421835354,3635.974261486,1250.950266035,1617.555953933,2072.474492789,333.325432509,1508.083853054,3009.174489986,329.280490835,905.516387433,700.5830247,1235.2804887,284.3379823,626.7997715,14.0488241,1126.8648333,907.6209511,-414.8252668,"LNS","80WTH"
"2",4547.501741845,3851.027878096,1222.494914982,3655.691356109,1293.790433681,1615.44133886,1522.778908145,251.783246196,1019.632270982,2436.254467109,250.370246981,609.58968766,3024.7228337,3599.2446319,202.862644,1219.436889,279.8566948,1457.03133,763.5634919,-451.1796788,"LNB","80WTH"
"3",1217.147032541,1427.019992654,990.335893219,9073.840723692,1797.488517368,1468.90439917,980.949220041,216.246932154,937.879241319,2588.359571992,222.501952068,506.50128897,236.1978125,1210.7730605,52.4566519,6485.4811517,27.4771391,1831.7661774,1547.5094262,-869.3630672,"HNS","80WTH"
"4",1455.576458734,1391.469519775,404.879767785,5214.621984134,1063.954081649,1325.312226941,450.215408034,91.408640075,346.853382985,1127.387570534,97.176787049,157.576354441,1005.3610507,1300.0608797,58.0263848,4087.2344136,8.3938795,1571.8007873,958.3834151,-404.0649148,"HNB","80WTH"
