"","Ca_Tot","Mg_Tot","K_Tot","N_Tot","P_Tot","S_Tot","Ca_Har","Mg_Har","K_Har","N_Har","P_Har","S_Har","Ca_Leach","Mg_Leach","K_Leach","N_Leach","P_Leach","S_Leach","P_OCC","S_OCC","Site","Treatment"
"1",2847.20769247538,1575.76027036842,1989.94415992403,3915.69699075194,1241.87638465048,1578.43519946305,2080.31810747538,349.593578668422,1580.60448842403,3205.44780675194,362.85377055048,704.221111663047,766.889585,1226.1666917,409.3396715,710.249184,34.9993289,1302.6039614,844.0232852,-428.3898736,"LNS","40WTH"
"2",4551.31280361957,3786.19019227264,1299.62946002281,3900.27106124546,1243.24790636437,1627.66478455277,1526.10993451957,262.713299672637,1061.04329852281,2558.85085944546,268.169852464371,490.52420705277,3025.2028691,3523.4768926,238.5861615,1341.4202018,319.1342328,1575.7687512,655.9438211,-438.6281737,"LNB","40WTH"
"3",1260.54161183394,1455.9827803095,1091.78183322612,6583.1194092233,1672.30396442679,1496.39778978052,937.408521233943,227.932072909497,1030.96989682612,2877.3343899233,246.649083526791,375.169652280522,323.1330906,1228.0507074,60.8119364,3705.7850193,14.3039518,1940.0638134,1411.3509291,-818.8356759,"HNS","40WTH"
"4",1431.2276431748,1375.81670949014,497.211036538502,4286.00223873541,999.071515307454,1336.58711462406,569.599536874797,115.273445390136,435.345044438502,1435.58496413541,123.958128407454,183.564176424057,861.6281063,1260.5432641,61.8659921,2850.4172746,8.3608464,1565.4565944,866.7525405,-412.4336562,"HNB","40WTH"
