"","Ca_Tot","Mg_Tot","K_Tot","N_Tot","P_Tot","S_Tot","Ca_Har","Mg_Har","K_Har","N_Har","P_Har","S_Har","Ca_Leach","Mg_Leach","K_Leach","N_Leach","P_Leach","S_Leach","P_OCC","S_OCC","Site","Treatment"
"1",2836.419009469,1573.972503696,1985.096681491,3921.330634685,1239.192186426,1577.342451459,2070.393007269,348.496818096,1575.771436091,3193.063862985,361.775240926,699.476263359,766.0260022,1225.4756856,409.3252454,728.2667717,34.9107468,1304.7092237,842.5061987,-426.8430356,"LNS","40WTH"
"2",4538.334937401,3781.132368819,1294.750312205,3898.805793586,1241.177555096,1626.792031057,1517.873333901,261.852998719,1056.773996905,2549.456325386,267.397909496,487.056878857,3020.4616035,3519.2793701,237.9763153,1349.3494682,319.0619828,1577.6263779,654.7176628,-437.8912257,"LNB","40WTH"
"3",1263.681661669,1455.032397661,1076.424150544,10199.789563555,1681.492418211,1498.017660421,877.963699669,220.640138961,1004.010976544,2803.864885755,239.479459711,358.772038921,385.717962,1234.3922587,72.413174,7395.9246778,32.9621964,1953.5297938,1409.0507621,-814.2841723,"HNS","40WTH"
"4",1498.614086376,1410.107723563,498.715393241,5938.441409077,971.402023511,1324.925724647,547.621128876,111.051761563,419.282763641,1383.106568877,119.354738011,177.378059447,950.9929575,1299.055962,79.4326296,4555.3348402,8.4648803,1560.2753553,843.5824052,-412.7276901,"HNB","40WTH"
